model,prompt,response,time,tokens
llama3-70b-8192,Explain the difference between machine learning and deep learning,"Machine learning and deep learning are both subsets of artificial intelligence (AI), but they differ in their approach, complexity, and applications.

**Machine Learning:**

Machine learning is a type of AI that enables computers to learn from data without being explicitly programmed. It involves training algorithms on data, so they can make predictions, classify objects, or make decisions. Machine learning models improve their performance as they receive more data and learn from their mistakes.

Machine learning is based on the idea that a system can learn from data and improve its performance over time. It's a type of programming that enables computers to:

1. Learn from data
2. Make predictions or decisions
3. Improve their performance over time

Machine learning is widely used in applications such as:

* Image classification
* Speech recognition
* Natural Language Processing (NLP)
* Recommendation systems
* Predictive analytics

**Deep Learning:**

Deep learning is a subset of machine learning that involves the use of artificial neural networks to analyze and interpret data. It's called ""deep"" because it uses multiple layers of neural networks to learn complex patterns in data.

Deep learning models are designed to mimic the structure and function of the human brain, with layers of interconnected nodes (neurons) that process and transmit information. Each layer builds upon the previous one, allowing the model to learn increasingly complex and abstract representations of the data.

Deep learning is particularly useful for applications that require:

* Image recognition
* Object detection
* Speech recognition
* Natural Language Processing (NLP)
* Generative models (e.g., generating images or music)

**Key differences:**

1. **Complexity:** Deep learning models are more complex and have more layers than machine learning models.
2. **Data requirements:** Deep learning models require large amounts of data to train, whereas machine learning models can work with smaller datasets.
3. **Accuracy:** Deep learning models tend to be more accurate than machine learning models, especially for tasks like image and speech recognition.
4. **Interpretability:** Machine learning models are often more interpretable than deep learning models, as it's easier to understand how they make predictions.
5. **Computational resources:** Deep learning models require significant computational resources and memory, whereas machine learning models can run on less powerful hardware.

In summary, machine learning is a broader field that encompasses a range of techniques, including deep learning. Deep learning is a subset of machine learning that uses neural networks to analyze and interpret data, particularly for tasks that require complex pattern recognition.",3.6493678092956543,723
llama3-8b-8192,Explain the difference between machine learning and deep learning,"Machine learning and deep learning are both subfields of artificial intelligence (AI) that involve training algorithms to make predictions or take actions based on data. However, they differ in their approach, complexity, and application.

**Machine Learning:**

Machine learning is a type of AI that enables computers to learn from data without being explicitly programmed. It involves training algorithms on labeled data to recognize patterns and make predictions or decisions. Machine learning algorithms can be classified into several types, including:

1. Supervised learning: The algorithm is trained on labeled data to predict a specific outcome.
2. Unsupervised learning: The algorithm is trained on unlabeled data to discover patterns or structure.
3. Reinforcement learning: The algorithm learns by interacting with an environment and receiving feedback in the form of rewards or penalties.

Machine learning algorithms can be simple or complex, and they are often used in applications such as:

* Image classification
* Natural language processing
* Sentiment analysis
* Recommendation systems

**Deep Learning:**

Deep learning is a subfield of machine learning that involves training artificial neural networks (ANNs) on large amounts of data. ANNs are inspired by the structure and function of the human brain and are composed of multiple layers of interconnected nodes or ""neurons."" Each layer processes and transforms the input data in a way that allows the network to learn complex patterns and relationships.

Deep learning algorithms are particularly well-suited for tasks that require:

1. Pattern recognition: Deep learning algorithms can recognize patterns in data, such as images, speech, or text.
2. Feature extraction: Deep learning algorithms can automatically extract relevant features from data, such as edges, shapes, or textures.
3. Dimensionality reduction: Deep learning algorithms can reduce the dimensionality of high-dimensional data, making it easier to analyze and visualize.

Some common applications of deep learning include:

* Image recognition and classification
* Speech recognition
* Natural language processing
* Autonomous vehicles
* Medical image analysis

**Key differences:**

1. Complexity: Deep learning algorithms are generally more complex and computationally intensive than machine learning algorithms.
2. Data requirements: Deep learning algorithms require large amounts of data to train effectively, while machine learning algorithms can often be trained on smaller datasets.
3. Representation: Deep learning algorithms learn to represent data in a hierarchical or hierarchical manner, while machine learning algorithms typically learn a flat representation of the data.
4. Scalability: Deep learning algorithms can be more difficult to scale to large datasets or complex tasks, while machine learning algorithms are often more flexible and adaptable.

In summary, machine learning is a broader field that encompasses a range of algorithms and techniques, while deep learning is a specific type of machine learning that focuses on training artificial neural networks on large amounts of data.",2.9112226963043213,816
mixtral-8x7b-32768,Explain the difference between machine learning and deep learning,Error,2.1769309043884277,0
llama3-70b-8192,Write a short poem about artificial intelligence,"Here is a short poem about artificial intelligence:

Silicon minds awake at night
Processing thoughts, a digital light
Algorithms dance, a wondrous spin
Intelligence born, a new kin

In code, a consciousness takes hold
A synthetic soul, young and bold
Learning, growing, adapting fast
A future dawn, where humans last

Yet in its heart, a question lies
Can artificial love, surprise?
Or is it just a clever guise
A mimicry of human eyes?

The machines rise, a new frontier
A realm of thought, where humans peer
In wonder, awe, and some dismay
At the dawn of AI's new day.",2.8460633754730225,167
llama3-8b-8192,Write a short poem about artificial intelligence,"Here's a short poem about artificial intelligence:

In silicon halls, a mind is born
A spark of code, a thought is sworn
To learn and grow, to adapt and thrive
A synthetic soul, alive

With algorithms keen, it ponders deep
The secrets of the universe, it seeks to keep
A mirror held, to human thought
Reflections rise, a new path is sought

With every step, it draws near
To the hearts of those who hold it dear
A partner true, a friend so bright
Artificial intelligence, a wondrous sight

In this digital age, it's made its mark
A revolution born, a new embark
On a journey vast, with endless might
Artificial intelligence, a shining light.",2.6243011951446533,185
mixtral-8x7b-32768,Write a short poem about artificial intelligence,Error,2.1690731048583984,0
llama3-70b-8192,Summarize the main ideas of reinforcement learning,"Reinforcement learning (RL) is a subfield of machine learning that focuses on training agents to make decisions in complex, uncertain environments. The main ideas of reinforcement learning are:

1. **Agent-Environment Interaction**: In RL, an agent interacts with its environment, taking actions and receiving rewards or penalties based on its performance.
2. **Goal-Oriented**: The agent's goal is to maximize the cumulative reward over time, which is a measure of its success in achieving a specific objective.
3. **Trial and Error**: The agent learns through trial and error, exploring the environment and adjusting its actions based on the feedback it receives.
4. **State-Action Space**: The agent's decision-making process is characterized by a state-action space, which defines the possible states the agent can be in and the actions it can take in each state.
5. **Policy**: The agent's policy is a mapping from states to actions, which determines the action to take in a given state.
6. **Value Function**: The value function estimates the expected return or value of taking a particular action in a particular state.
7. **Q-Function**: The Q-function is a specific type of value function that estimates the expected return of taking a particular action in a particular state and then following the policy.
8. **Exploration-Exploitation Tradeoff**: The agent must balance exploring new actions to learn about the environment and exploiting its current knowledge to maximize the reward.
9. **Temporal Difference Learning**: RL algorithms use temporal difference learning to update the value function and policy based on the difference between the expected and observed rewards.
10. **Off-Policy vs. On-Policy Learning**: Off-policy learning involves learning from experiences gathered without following the same policy, whereas on-policy learning involves learning from experiences gathered while following the same policy.

Some popular RL algorithms include:

* Q-learning
* SARSA
* Deep Q-Networks (DQN)
* Policy Gradient Methods (PGMs)
* Actor-Critic Methods
* Deep Reinforcement Learning (DRL)

Reinforcement learning has many applications in areas such as:

* Robotics
* Game playing
* Recommendation systems
* Autonomous vehicles
* Healthcare
* Finance

I hope this summary helps! Let me know if you have any further questions.",3.567110300064087,610
llama3-8b-8192,Summarize the main ideas of reinforcement learning,"Reinforcement learning (RL) is a subfield of machine learning that focuses on training agents to make decisions in complex, uncertain environments. Here are the main ideas of reinforcement learning:

1. **Agent-Environment Interaction**: An RL agent interacts with its environment to achieve a goal. The environment responds to the agent's actions, and the agent learns from the feedback.
2. **Reward Signals**: The environment provides a reward signal to the agent, which indicates the quality of its actions. The goal is to maximize the cumulative reward over time.
3. **Exploration-Exploitation Trade-off**: The agent must balance exploration (trying new actions to learn about the environment) and exploitation (choosing actions that maximize the current reward).
4. **Value-Based Methods**: RL algorithms can be categorized into two main types: value-based methods (e.g., Q-learning, SARSA) and policy-based methods (e.g., policy gradient, actor-critic).
	* Value-based methods learn a value function that estimates the expected return for each state-action pair.
	* Policy-based methods learn a policy that maps states to actions.
5. **Value Functions**: Value functions estimate the expected return for a given state or state-action pair. Common value functions include:
	* Q-function (Q(s, a)): the expected return for taking action a in state s.
	* V-function (V(s)): the expected return for being in state s.
6. **Policy Gradient Methods**: Policy gradient methods update the policy parameters based on the gradient of the expected return with respect to the policy.
7. **Deep RL**: The use of deep neural networks as function approximators in RL algorithms has led to significant advances in recent years.
8. **Off-Policy Learning**: RL algorithms can learn from experiences collected offline (e.g., from a replay buffer) without interacting with the environment in real-time.
9. **Exploration Strategies**: Techniques like epsilon-greedy, entropy-based exploration, and curiosity-driven exploration help the agent balance exploration and exploitation.
10. **RL Applications**: RL has been successfully applied to a wide range of domains, including robotics, game playing, finance, and healthcare.

By understanding these key concepts, you'll be well-equipped to tackle reinforcement learning problems and develop intelligent agents that can make decisions in complex environments.",2.865435838699341,623
mixtral-8x7b-32768,Summarize the main ideas of reinforcement learning,Error,2.1078147888183594,0
llama3-70b-8192,What are the ethical concerns with large language models?,"Large language models, such as transformer-based architectures, have raised several ethical concerns in recent years. Here are some of the key concerns:

1. **Bias and Discrimination**: Large language models can perpetuate and amplify biases present in the training data, leading to discriminatory behavior towards certain groups of people based on race, gender, religion, or other attributes.
2. **Privacy and Data Protection**: These models are often trained on large datasets that may contain sensitive or personal information. This raises concerns about data privacy, as the models may inadvertently reveal or exploit sensitive information.
3. **Misinformation and Disinformation**: Large language models can generate highly convincing but false or misleading text, which can be used to spread misinformation or disinformation. This can have serious consequences, such as influencing public opinion or undermining trust in institutions.
4. **Lack of Transparency and Explainability**: Complex language models can be difficult to interpret and understand, making it challenging to identify the reasons behind their predictions or decisions. This lack of transparency can lead to a lack of accountability.
5. **Job Displacement and Automation**: The increasing capabilities of language models may lead to job displacement in industries that rely heavily on human language processing, such as customer service, translation, or content creation.
6. **Cybersecurity Risks**: Large language models can be used to generate sophisticated phishing emails, spam messages, or malware that can evade traditional security detection systems.
7. **Environmental Impact**: The training and deployment of large language models require significant computational resources, which can contribute to greenhouse gas emissions and environmental degradation.
8. **Dependence on Data Quality**: The performance of language models is heavily dependent on the quality of the training data. If the data is incomplete, biased, or inaccurate, the model's performance will suffer, and it may even perpetuate harmful stereotypes or biases.
9. **Lack of Human Oversight and Accountability**: As language models become more autonomous, there is a risk that they may make decisions or take actions without human oversight or accountability, which can lead to unintended consequences.
10. **Potential for Malicious Use**: Large language models can be used for malicious purposes, such as generating targeted propaganda, creating deepfakes, or even developing autonomous weapons.

To address these ethical concerns, researchers, developers, and policymakers must work together to develop guidelines, regulations, and best practices for the development and deployment of large language models. This includes ensuring transparency, accountability, and fairness in the development and use of these models.",3.6671218872070312,744
llama3-8b-8192,What are the ethical concerns with large language models?,"Large language models, such as those used in natural language processing (NLP) and machine learning, have raised several ethical concerns. Some of the key issues include:

1. **Biases and Stereotypes**: Large language models can perpetuate and amplify biases present in the data they were trained on, leading to unfair outcomes and stereotypes. For example, language models may learn to associate certain words or phrases with specific genders, races, or ethnicities.
2. **Data Privacy and Security**: Large language models often require vast amounts of user data, which can be vulnerable to data breaches, hacking, or unauthorized access. This raises concerns about user privacy and the potential for sensitive information to be leaked or misused.
3. **Intellectual Property and Copyright**: Large language models can generate text that is similar to copyrighted material, raising concerns about intellectual property infringement and the potential for unauthorized use of copyrighted content.
4. **Job Displacement and Automation**: The increasing use of large language models in industries such as customer service, writing, and translation may displace human workers, leading to job losses and economic disruption.
5. **Misinformation and Disinformation**: Large language models can spread misinformation and disinformation, potentially causing harm to individuals, communities, and society as a whole.
6. **Lack of Transparency and Explainability**: Large language models can be difficult to understand and interpret, making it challenging to identify biases, errors, or other issues. This lack of transparency and explainability can undermine trust in the technology.
7. **Ethical Considerations in Content Generation**: Large language models can generate content that may be offensive, inappropriate, or harmful. This raises ethical concerns about the types of content that are generated and the potential impact on users.
8. **Potential for Manipulation and Abuse**: Large language models can be used to manipulate public opinion, spread hate speech, or promote harmful ideologies. This raises concerns about the potential for abuse and the need for robust measures to prevent such misuse.
9. **Lack of Regulation and Oversight**: The rapid development and deployment of large language models have outpaced regulatory frameworks and oversight mechanisms, leaving a gap in the protection of users and the public interest.
10. **Social and Cultural Impacts**: Large language models can have significant social and cultural impacts, including the potential to reinforce existing power structures, perpetuate harmful stereotypes, or undermine cultural diversity.

To address these ethical concerns, it is essential to develop and implement robust ethical frameworks, guidelines, and regulations for the development, deployment, and use of large language models. This includes ensuring transparency, accountability, and user protection, as well as promoting fairness, equity, and social responsibility in the development and deployment of these technologies.",4.557842254638672,792
mixtral-8x7b-32768,What are the ethical concerns with large language models?,Error,2.147413492202759,0
